{"loss": [NaN, NaN, NaN, NaN, 0.17225034348666668], "mean_absolute_error": [NaN, NaN, NaN, NaN, 1.5332225064436595], "mean_q": [NaN, NaN, NaN, NaN, 1.9463041474421818], "mean_eps": [NaN, NaN, NaN, NaN, 0.9954550000000001], "episode_reward": [197.0, 177.0, 236.0, 235.0, 212.0], "nb_episode_steps": [1000, 1010, 1020, 1030, 1040], "nb_steps": [1000, 2010, 3030, 4060, 5100], "episode": [0, 1, 2, 3, 4], "duration": [18.90227063, 23.258765616, 20.194844773000007, 17.031671298999996, 52.65195661199999]}